{
  "version": 2,
  "buildCommand": "npm run build",
  "outputDirectory": "dist",
  "installCommand": "npm install",
  "builds": [
    {
      "src": "server/index.ts",
      "use": "@vercel/node"
    },
    {
      "src": "package.json",
      "use": "@vercel/static-build",
      "config": {
        "distDir": "dist"
      }
    }
  ],
  "routes": [
    {
      "src": "/api/(.*)",
      "dest": "server/index.ts"
    },
    {
      "src": "/(assets|images)/.*",
      "dest": "dist/$0"
    },
    {
      "src": "/(.+\\.[a-z0-9]+)$",
      "dest": "dist/$1"
    },
    {
      "src": "/(.*)",
      "dest": "dist/index.html"
    }
  ]
}